Lena,Ivanova,Lenalimail.com,Lenali123!#$,Lenali123!#$
Oleg,Petrov,olegi@mail.com,797,767
Anna-Marie,Li,anna-marie@yandex.ru,25Strong20,25Strong20
,Fischer,mark@outlook.com,Bonn_1983!#$,Bonn_1983!#$
Samuel,,samuel@gmx.com,Football798!#$,Football798!#$
Lara,Bim,lara@,Lara$!#797,Lara$!#797