Lena,Ivanova,Lenali@gmail.com,Lenali123!#$,Lenali123!#$
Oleg,Petrov,olegi@mail.com,797Zwerg_6@$!,797Zwerg_6@$
Anna-Marie,Li,anna-marie@yandex.ru,25Strong20#!$,25Strong20#!$
Mark,Fischer,mark@outlook.com,Bonn_1983!#$,Bonn_1983!#$
Samuel,Müller,samuel@gmx.com,Football798!#$,Football798!#$
Lara,Bim,lara@list.ru,Lara$!#797,Lara$!#797